LocusID,LocusType,Chrom,Start,End,Motif
HOXD13,PathogenicSTR,chr2,176093058,176093099,GCN
SCA7,PathogenicSTR,chr3,63912685,63912716,CAG
HTT,PathogenicSTR,chr4,3074877,3074940,CAG
PHOX2B,PathogenicSTR,chr4,41745976,41746022,GCC
PPP2R2B,PathogenicSTR,chr5,146878728,146878759,GCT
SCA1,PathogenicSTR,chr6,16327636,16327723,CAG
RUNX2,PathogenicSTR,chr6,45422682,45422794,CAG/GGC
C9orf72,PathogenicSTR,chr9,27573529,27573546,GGCCCC
FXN,PathogenicSTR,chr9,69037287,69037304,GAA
ATN1,PathogenicSTR,chr12,6936717,6936775,CAG
SCA2,PathogenicSTR,chr12,111598951,111599021,CTG
SCA3,PathogenicSTR,chr14,92071011,92071052,CTG
PAPBN1,PathogenicSTR,chr14,23321472,23321492,GGCCCC
JPH3,PathogenicSTR,chr16,87604283,87604329,GCT
CACNA1A,PathogenicSTR,chr19,13207859,13207898,CTG
DMPK,PathogenicSTR,chr19,45770205,45770266,CAG
ATXN10,PathogenicSTR,chr22,45795355,45795424,ATTCT
AFF2,PathogenicSTR,chrX,148500639,148500683,CCG
AR,PathogenicSTR,chrX,67545319,67545383,CAG
ARX,PathogenicSTR,chrX,25013651,25013698,GCN
chr1_106950468_GT,Non-pathogenicSTR,chr1,106950468,106950511,GT
chr1_217937145_AAAT,Non-pathogenicSTR,chr1,217937145,217937197,AAAT
chr1_242233155_AATG,Non-pathogenicSTR,chr1,242233155,242233190,AATG
chr1_6733191_CA,Non-pathogenicSTR,chr1,6733191,6733220,CA
chr1_76108862_GT,Non-pathogenicSTR,chr1,76108862,76108899,GT
chr10_57337770_CA,Non-pathogenicSTR,chr10,57337770,57337809,CA
chr10_72427734_AT,Non-pathogenicSTR,chr10,72427734,72427769,AT
chr11_2442377_AC,Non-pathogenicSTR,chr11,2442377,2442422,AC
chr11_36246191_AATA,Non-pathogenicSTR,chr11,36246191,36246239,AATA
chr11_63798227_AC,Non-pathogenicSTR,chr11,63798227,63798268,AC
chr11_85908552_TAGA,Non-pathogenicSTR,chr11,85908552,85908619,TAGA
chr12_4096182_TTCC,Non-pathogenicSTR,chr12,4096182,4096217,TTCC
chr12_75962280_T,Non-pathogenicSTR,chr12,75962280,75962301,T
chr12_131901040_T,Non-pathogenicSTR,chr12,131901040,131901054,T
chr12_70011632_AG,Non-pathogenicSTR,chr12,70011632,70011661,AG
chr12_92269453_T,Non-pathogenicSTR,chr12,92269453,92269478,T
chr13_102648430_GT,Non-pathogenicSTR,chr13,102648430,102648467,GT
chr13_75404064_AC,Non-pathogenicSTR,chr13,75404064,75404087,AC
chr13_81527591_CTAT,Non-pathogenicSTR,chr13,81527591,81527630,CTAT
chr14_41606868_GCC,Non-pathogenicSTR,chr14,41606868,41606890,GCC
chr15_53480481_AC,Non-pathogenicSTR,chr15,53480481,53480518,AC
chr15_72443969_T,Non-pathogenicSTR,chr15,72443969,72443982,T
chr15_80839290_GT,Non-pathogenicSTR,chr15,80839290,80839331,GT
chr16_62573638_AATA,Non-pathogenicSTR,chr16,62573638,62573678,AATA
chr16_58599051_A,Non-pathogenicSTR,chr16,58599051,58599069,A
chr16_67644335_T,Non-pathogenicSTR,chr16,67644335,67644352,T
chr17_8128309_TAGA,Non-pathogenicSTR,chr17,8128309,8128360,TAGA
chr18_38020886_TCTA,Non-pathogenicSTR,chr18,38020886,38020936,TCTA
chr18_38020886_TCTA,Non-pathogenicSTR,chr18,38020886,38020936,TCTA
chr2_1273636_TA,Non-pathogenicSTR,chr2,1273636,1273651,TA
chr20_18095896_AC,Non-pathogenicSTR,chr20,18095896,18095941,AC
chr20_42508128_TG,Non-pathogenicSTR,chr20,42508128,42508149,TG
chr3_54501407_T,Non-pathogenicSTR,chr3,54501407,54501421,T
chr3_46654755_TG,Non-pathogenicSTR,chr3,46654755,46654778,TG
chr4_123573491_TTAT,Non-pathogenicSTR,chr4,123573491,123573506,TTAT
chr4_136965932_AT,Non-pathogenicSTR,chr4,136965932,136965951,AT
chr4_176019003_T,Non-pathogenicSTR,chr4,176019003,176019022,T
chr4_46950717_AAAT,Non-pathogenicSTR,chr4,46950717,46950748,AAAT
chr5_18768193_GT,Non-pathogenicSTR,chr5,18768193,18768242,GT
chr6_12322154_AC,Non-pathogenicSTR,chr6,12322154,12322185,AC
chr6_50207587_TCTA,Non-pathogenicSTR,chr6,50207587,50207626,TCTA
chr6_84874972_AC,Non-pathogenicSTR,chr6,84874972,84875005,AC
chr6_89959098_CA,Non-pathogenicSTR,chr6,89959098,89959147,CA
chr7_18349308_AC,Non-pathogenicSTR,chr7,18349308,18349361,AC
chr7_27264534_AC,Non-pathogenicSTR,chr7,27264534,27264575,AC
chr7_103989357_CCG,Non-pathogenicSTR,chr7,103989357,103989381,CCG
chr8_50595021_TG,Non-pathogenicSTR,chr8,50595021,50595056,TG
chr9_36061394_AC,Non-pathogenicSTR,chr9,36061394,36061437,AC
chr9_6685998_TTA,Non-pathogenicSTR,chr9,6685998,6686021,TTA